{
    "hippocampus": {
        "priority": 1,
        "display": "Hippocampus",
        "lh": {
            "reading": 3866.748,
            "unit": "mm<sup><sup>3</sup></sup>",
            "percentile": 35.294117647058826,
            "fifth_percentile": 3473.6137,
            "twentyfifth_percentile": 3775.1465,
            "seventyfifth_percentile": 4173.299499999999,
            "ninetyfifth_percentile": 4575.8937,
            "median": 4014.636,
            "mean": 4004.997691176472,
            "std": 331.5549293442272
        },
        "rh": {
            "reading": 4210.87,
            "unit": "mm<sup><sup>3</sup></sup>",
            "percentile": 66.1764705882353,
            "fifth_percentile": 3611.19855,
            "twentyfifth_percentile": 3906.882,
            "seventyfifth_percentile": 4274.14625,
            "ninetyfifth_percentile": 4647.62735,
            "median": 4085.1915,
            "mean": 4107.568897058823,
            "std": 321.2447533412613
        }
    },
    "latinfvent": {
        "priority": 2,
        "display": "Lateral Inferior Ventricle",
        "lh": {
            "reading": 162.57,
            "unit": "mm<sup><sup>3</sup></sup>",
            "percentile": 0.0,
            "fifth_percentile": 206.4645,
            "twentyfifth_percentile": 287.92825,
            "seventyfifth_percentile": 484.153,
            "ninetyfifth_percentile": 713.2317499999999,
            "median": 372.5395,
            "mean": 410.7920294117648,
            "std": 173.3433112051954
        },
        "rh": {
            "reading": 601.953,
            "unit": "mm<sup><sup>3</sup></sup>",
            "percentile": 91.1764705882353,
            "fifth_percentile": 221.15995,
            "twentyfifth_percentile": 307.58000000000004,
            "seventyfifth_percentile": 486.44625,
            "ninetyfifth_percentile": 654.12035,
            "median": 393.0865,
            "mean": 405.4124999999999,
            "std": 134.46654779984854
        }
    },
    "hippocampalpercentage": {
        "priority": 3,
        "display": "Hippocampal Percentage",
        "lh": {
            "reading": 95.96532217114655,
            "unit": "%",
            "percentile": 100.0,
            "fifth_percentile": 84.40359774010311,
            "twentyfifth_percentile": 89.10528258533326,
            "seventyfifth_percentile": 93.40425804723826,
            "ninetyfifth_percentile": 95.17222682412478,
            "median": 91.29279001441806,
            "mean": 90.7511947989206,
            "std": 3.617641118296026
        },
        "rh": {
            "reading": 87.49272516358901,
            "unit": "%",
            "percentile": 10.294117647058824,
            "fifth_percentile": 86.73277177843082,
            "twentyfifth_percentile": 89.12134618196308,
            "seventyfifth_percentile": 92.9919644804543,
            "ninetyfifth_percentile": 95.01335712537954,
            "median": 91.51061580008896,
            "mean": 91.06458707642982,
            "std": 2.806719582519892
        }
    },
    "frontal": {
        "priority": 4,
        "display": "Frontal",
        "rh": {
            "reading": 66120.029,
            "unit": "mm<sup><sup>3</sup></sup>",
            "percentile": 19.11764705882353,
            "fifth_percentile": 62547.12545,
            "twentyfifth_percentile": 66690.32375,
            "seventyfifth_percentile": 76681.16075,
            "ninetyfifth_percentile": 84168.52404999999,
            "median": 72274.0205,
            "mean": 72568.79720588235,
            "std": 7275.696524493102
        },
        "lh": {
            "reading": 62547.311,
            "unit": "mm<sup><sup>3</sup></sup>",
            "percentile": 10.294117647058824,
            "fifth_percentile": 62155.17765,
            "twentyfifth_percentile": 67371.3125,
            "seventyfifth_percentile": 75780.93375,
            "ninetyfifth_percentile": 83649.30195,
            "median": 71446.7715,
            "mean": 72008.68048529414,
            "std": 6987.312008084827
        }
    },
    "parietal": {
        "priority": 5,
        "display": "Parietal",
        "rh": {
            "reading": 49220.14,
            "unit": "mm<sup><sup>3</sup></sup>",
            "percentile": 60.294117647058826,
            "fifth_percentile": 42253.2695,
            "twentyfifth_percentile": 44632.00175,
            "seventyfifth_percentile": 51156.49625,
            "ninetyfifth_percentile": 54296.2913,
            "median": 47804.303,
            "mean": 47948.63979411763,
            "std": 4390.674887660576
        },
        "lh": {
            "reading": 47421.333,
            "unit": "mm<sup><sup>3</sup></sup>",
            "percentile": 63.235294117647065,
            "fifth_percentile": 39806.6963,
            "twentyfifth_percentile": 42672.66025,
            "seventyfifth_percentile": 49095.18275,
            "ninetyfifth_percentile": 52703.78705,
            "median": 45784.2655,
            "mean": 46126.63722058824,
            "std": 4504.425010128
        }
    },
    "occipital": {
        "priority": 6,
        "display": "Occipital",
        "rh": {
            "reading": 19799.039,
            "unit": "mm<sup><sup>3</sup></sup>",
            "percentile": 20.58823529411765,
            "fifth_percentile": 18150.73355,
            "twentyfifth_percentile": 19955.54,
            "seventyfifth_percentile": 23419.19375,
            "ninetyfifth_percentile": 27464.23285,
            "median": 21841.848,
            "mean": 22101.147823529413,
            "std": 2989.888412780945
        },
        "lh": {
            "reading": 19261.797,
            "unit": "mm<sup><sup>3</sup></sup>",
            "percentile": 16.176470588235297,
            "fifth_percentile": 17830.54175,
            "twentyfifth_percentile": 19946.9185,
            "seventyfifth_percentile": 23346.376,
            "ninetyfifth_percentile": 27304.8455,
            "median": 21836.797,
            "mean": 22000.132691176463,
            "std": 2940.254973325801
        }
    },
    "temporal": {
        "priority": 7,
        "display": "Temporal",
        "rh": {
            "reading": 49402.566,
            "unit": "mm<sup><sup>3</sup></sup>",
            "percentile": 83.82352941176471,
            "fifth_percentile": 40811.39975,
            "twentyfifth_percentile": 43748.3135,
            "seventyfifth_percentile": 48258.075,
            "ninetyfifth_percentile": 52806.31455,
            "median": 46172.919,
            "mean": 46253.63955882351,
            "std": 3845.142657281407
        },
        "lh": {
            "reading": 50094.327,
            "unit": "mm<sup><sup>3</sup></sup>",
            "percentile": 75.0,
            "fifth_percentile": 41188.4225,
            "twentyfifth_percentile": 44294.027,
            "seventyfifth_percentile": 49923.70375,
            "ninetyfifth_percentile": 53139.1971,
            "median": 46630.046,
            "mean": 47135.8770735294,
            "std": 3951.94268736132
        }
    },
    "cingulatefrontal": {
        "priority": 8,
        "display": "Cingulate Frontal",
        "rh": {
            "reading": 3855.742,
            "unit": "mm<sup><sup>3</sup></sup>",
            "percentile": 50.0,
            "fifth_percentile": 2847.5076,
            "twentyfifth_percentile": 3484.88525,
            "seventyfifth_percentile": 4229.8055,
            "ninetyfifth_percentile": 4837.6698,
            "median": 3852.5305,
            "mean": 3876.527676470588,
            "std": 632.6942819306292
        },
        "lh": {
            "reading": 6293.343,
            "unit": "mm<sup><sup>3</sup></sup>",
            "percentile": 77.94117647058825,
            "fifth_percentile": 4184.8242,
            "twentyfifth_percentile": 4780.3085,
            "seventyfifth_percentile": 6062.97,
            "ninetyfifth_percentile": 7053.71375,
            "median": 5301.851500000001,
            "mean": 5463.130999999999,