{
    "hippocampus": {
        "priority": 1,
        "display": "Hippocampus",
        "lh": {
            "reading": 3866.748,
            "unit": "mm<sup><sup>3</sup></sup>",
            "percentile": 35.294117647058826,
            "max": 4668.107549864926,
            "min": 3341.887832488017,
            "mean": 4004.997691176472,
            "std": 331.5549293442272
        },
        "rh": {
            "reading": 4210.87,
            "unit": "mm<sup><sup>3</sup></sup>",
            "percentile": 66.1764705882353,
            "max": 4750.0584037413455,
            "min": 3465.0793903763,
            "mean": 4107.568897058823,
            "std": 321.2447533412613
        }
    },
    "hippocampalpercentage": {
        "priority": 2,
        "display": "Hippocampal Percentage",
        "lh": {
            "reading": 95.96532217114655,
            "unit": "%",
            "percentile": 100.0,
            "max": 97.98647703551266,
            "min": 83.51591256232855,
            "mean": 90.7511947989206,
            "std": 3.617641118296026
        },
        "rh": {
            "reading": 87.49272516358901,
            "unit": "%",
            "percentile": 10.294117647058824,
            "max": 96.6780262414696,
            "min": 85.45114791139004,
            "mean": 91.06458707642982,
            "std": 2.806719582519892
        }
    },
    "frontal": {
        "priority": 3,
        "display": "Frontal",
        "rh": {
            "reading": 66120.029,
            "unit": "mm<sup><sup>3</sup></sup>",
            "percentile": 19.11764705882353,
            "max": 87120.19025486856,
            "min": 58017.40415689615,
            "mean": 72568.79720588235,
            "std": 7275.696524493102
        },
        "lh": {
            "reading": 62547.311,
            "unit": "mm<sup><sup>3</sup></sup>",
            "percentile": 10.294117647058824,
            "max": 85983.30450146379,
            "min": 58034.05646912449,
            "mean": 72008.68048529414,
            "std": 6987.312008084827
        }
    },
    "parietal": {
        "priority": 4,
        "display": "Parietal",
        "rh": {
            "reading": 49220.14,
            "unit": "mm<sup><sup>3</sup></sup>",
            "percentile": 60.294117647058826,
            "max": 56729.98956943878,
            "min": 39167.29001879648,
            "mean": 47948.63979411763,
            "std": 4390.674887660576
        },
        "lh": {
            "reading": 47421.333,
            "unit": "mm<sup><sup>3</sup></sup>",
            "percentile": 63.235294117647065,
            "max": 55135.487240844246,
            "min": 37117.78720033224,
            "mean": 46126.63722058824,
            "std": 4504.425010128
        }
    },
    "occipital": {
        "priority": 5,
        "display": "Occipital",
        "rh": {
            "reading": 19799.039,
            "unit": "mm<sup><sup>3</sup></sup>",
            "percentile": 20.58823529411765,
            "max": 28080.924649091303,
            "min": 16121.370997967522,
            "mean": 22101.147823529413,
            "std": 2989.888412780945
        },
        "lh": {
            "reading": 19261.797,
            "unit": "mm<sup><sup>3</sup></sup>",
            "percentile": 16.176470588235297,
            "max": 27880.642637828067,
            "min": 16119.62274452486,
            "mean": 22000.132691176463,
            "std": 2940.254973325801
        }
    },
    "temporal": {
        "priority": 6,
        "display": "Temporal",
        "rh": {
            "reading": 49402.566,
            "unit": "mm<sup><sup>3</sup></sup>",
            "percentile": 83.82352941176471,
            "max": 53943.92487338632,
            "min": 38563.3542442607,
            "mean": 46253.63955882351,
            "std": 3845.142657281407
        },
        "lh": {
            "reading": 50094.327,
            "unit": "mm<sup><sup>3</sup></sup>",
            "percentile": 75.0,
            "max": 55039.76244825203,
            "min": 39231.99169880676,
            "mean": 47135.8770735294,
            "std": 3951.94268736132
        }
    },
    "cingulatefrontal": {
        "priority": 7,
        "display": "Cingulate Frontal",
        "rh": {
            "reading": 3855.742,
            "unit": "mm<sup><sup>3</sup></sup>",
            "percentile": 50.0,
            "max": 5141.916240331847,
            "min": 2611.139112609329,
            "mean": 3876.527676470588,
            "std": 632.6942819306292
        },
        "lh": {
            "reading": 6293.343,
            "unit": "mm<sup><sup>3</sup></sup>",
            "percentile": 77.94117647058825,
            "max": 7391.42543063765,
            "min": 3534.836569362349,
            "mean": 5463.130999999999,
            "std": 964.147215318825
        }
    },
    "cingulateparietal": {
        "priority": 8,
        "display": "Cingulate Parietal",
        "rh": {
            "reading": 4689.85,
            "unit": "mm<sup><sup>3</sup></sup>",
            "percentile": 50.0,
            "max": 5917.012117697555,
            "min": 3503.04535289068,
            "mean": 4710.028735294118,
            "std": 603.4916912017189
        },
        "lh": {
            "reading": 5715.565,
            "unit": "mm<sup><sup>3</sup></sup>",
            "percentile": 82.3529411764706,
            "max": 6274.012019215647,
            "min": 3653.276569019642,
            "mean": 4963.644294117645,
            "std": 655.1838625490013
        }
    },
    "entorhinalcortex": {
        "priority": 9,
        "display": "Entorhinal Cortex",
        "rh": {
            "reading": 1540.569,
            "unit": "mm<sup><sup>3</sup></sup>",
            "percentile": 30.88235294117647,
            "max": 2031.305105919336,
            "min": 1224.2196293747825,
            "mean": 1627.7623676470591,
            "std": 201.7713691361383
        },
        "lh": {
            "reading": 1648.268,
            "unit": "mm<sup><sup>3</sup></sup>",
            "percentile": 48.52941176470589,
            "max": 2070.966267597529,
            "min": 1268.9716441671771,
            "mean": 1669.9689558823532,
            "std": 200.498655857588
        }
    }
}