{
    "frontal": {
        "rh": {
            "reading": 55635.891,
            "percentile": 0.0,
            "fifth_percentile": 61008.58,
            "twentyfifth_percentile": 65177.973,
            "seventyfifth_percentile": 76014.197,
            "ninetyfifth_percentile": 81076.894,
            "median": 69309.112,
            "mean": 70629.6746557377,
            "std": 6366.608305256135
        },
        "lh": {
            "reading": 56908.323,
            "percentile": 0.0,
            "fifth_percentile": 60603.741,
            "twentyfifth_percentile": 65885.224,
            "seventyfifth_percentile": 74451.16,
            "ninetyfifth_percentile": 77835.32,
            "median": 69566.366,
            "mean": 69809.53891803279,
            "std": 5929.8160277765655
        }
    },
    "parietal": {
        "rh": {
            "reading": 38041.109,
            "percentile": 0.0,
            "fifth_percentile": 40616.65,
            "twentyfifth_percentile": 43468.629,
            "seventyfifth_percentile": 49926.128,
            "ninetyfifth_percentile": 54755.336,
            "median": 46963.311,
            "mean": 47007.74154098362,
            "std": 4306.091245449611
        },
        "lh": {
            "reading": 39615.323,
            "percentile": 0.0,
            "fifth_percentile": 40220.511,
            "twentyfifth_percentile": 42080.099,
            "seventyfifth_percentile": 47990.712,
            "ninetyfifth_percentile": 52269.314,
            "median": 45164.202,
            "mean": 45540.880147540985,
            "std": 3991.407350873594
        }
    },
    "occipital": {
        "rh": {
            "reading": 14596.351,
            "percentile": 0.0,
            "fifth_percentile": 17721.135,
            "twentyfifth_percentile": 20730.842,
            "seventyfifth_percentile": 23049.513,
            "ninetyfifth_percentile": 25189.16,
            "median": 21513.54,
            "mean": 21663.05572131147,
            "std": 2286.202961815122
        },
        "lh": {
            "reading": 18034.52,
            "percentile": 9.836065573770492,
            "fifth_percentile": 17387.281,
            "twentyfifth_percentile": 19771.436,
            "seventyfifth_percentile": 22658.437,
            "ninetyfifth_percentile": 25448.775,
            "median": 21624.759,
            "mean": 21462.24098360656,
            "std": 2545.070559709281
        }
    },
    "temporal": {
        "rh": {
            "reading": 27994.01,
            "percentile": 0.0,
            "fifth_percentile": 39126.526,
            "twentyfifth_percentile": 42421.631,
            "seventyfifth_percentile": 46839.747,
            "ninetyfifth_percentile": 51212.83,
            "median": 44921.398,
            "mean": 44819.26680327868,
            "std": 3727.3737900914975
        },
        "lh": {
            "reading": 33049.133,
            "percentile": 0.0,
            "fifth_percentile": 40387.782,
            "twentyfifth_percentile": 43002.408,
            "seventyfifth_percentile": 47822.994,
            "ninetyfifth_percentile": 50860.966,
            "median": 45396.086,
            "mean": 45590.85237704916,
            "std": 3670.124758436921
        }
    },
    "cingulatefrontal": {
        "rh": {
            "reading": 2535.891,
            "percentile": 0.0,
            "fifth_percentile": 3187.913,
            "twentyfifth_percentile": 3554.249,
            "seventyfifth_percentile": 4323.223,
            "ninetyfifth_percentile": 4975.136,
            "median": 3876.483,
            "mean": 3975.0702295081983,
            "std": 617.7989567048057
        },
        "lh": {
            "reading": 3997.66,
            "percentile": 3.278688524590164,
            "fifth_percentile": 4313.476,
            "twentyfifth_percentile": 4783.494,
            "seventyfifth_percentile": 5610.755,
            "ninetyfifth_percentile": 6741.081,
            "median": 5205.13,
            "mean": 5306.898,
            "std": 801.0679008528346
        }
    },
    "cingulateparietal": {
        "rh": {
            "reading": 3424.06,
            "percentile": 1.639344262295082,
            "fifth_percentile": 3786.487,
            "twentyfifth_percentile": 4355.992,
            "seventyfifth_percentile": 5123.961,
            "ninetyfifth_percentile": 5668.244,
            "median": 4688.979,
            "mean": 4718.224918032788,
            "std": 594.34360696198
        },
        "lh": {
            "reading": 3891.699,
            "percentile": 3.278688524590164,
            "fifth_percentile": 4065.631,
            "twentyfifth_percentile": 4468.286,
            "seventyfifth_percentile": 5211.903,
            "ninetyfifth_percentile": 5671.676,
            "median": 4801.779,
            "mean": 4831.871606557377,
            "std": 502.5864755347176
        }
    },
    "entorhinalcortex": {
        "rh": {
            "reading": 487.828,
            "percentile": 0.0,
            "fifth_percentile": 1304.516,
            "twentyfifth_percentile": 1459.377,
            "seventyfifth_percentile": 1732.954,
            "ninetyfifth_percentile": 2032.293,
            "median": 1572.454,
            "mean": 1596.0146065573774,
            "std": 213.06275728427048
        },
        "lh": {
            "reading": 1133.401,
            "percentile": 0.0,
            "fifth_percentile": 1407.661,
            "twentyfifth_percentile": 1547.385,
            "seventyfifth_percentile": 1767.193,
            "ninetyfifth_percentile": 2029.664,
            "median": 1645.977,
            "mean": 1663.4224590163935,
            "std": 197.63755826222013
        }
    },
    "hippocampus": {
        "lh": {
            "reading": 2300.434,
            "percentile": 0.0,
            "fifth_percentile": 3363.329,
            "twentyfifth_percentile": 3538.692,
            "seventyfifth_percentile": 3985.888,
            "ninetyfifth_percentile": 4334.73,
            "median": 3813.462,
            "mean": 3778.2238032786886,
            "std": 302.902142078968
        },
        "rh": {
            "reading": 2176.426,
            "percentile": 0.0,
            "fifth_percentile": 3281.575,
            "twentyfifth_percentile": 3616.619,
            "seventyfifth_percentile": 4060.544,
            "ninetyfifth_percentile": 4279.837,
            "median": 3892.577,
            "mean": 3864.695852459016,
            "std": 324.4160592131569
        }
    },
    "hippocampalpercentage": {
        "lh": {
            "reading": 35.91941827766093,
            "percentile": 0.0,
            "fifth_percentile": 79.02414441613175,
            "twentyfifth_percentile": 83.64071849869708,
            "seventyfifth_percentile": 91.20698478060548,
            "ninetyfifth_percentile": 92.60061116346144,
            "median": 88.45919280746796,
            "mean": 87.40686051027755,
            "std": 4.842830301090142
        },
        "rh": {
            "reading": 29.928356517769227,
            "percentile": 0.0,
            "fifth_percentile": 78.80553063070165,
            "twentyfifth_percentile": 86.2794626669821,
            "seventyfifth_percentile": 91.00140073463196,
            "ninetyfifth_percentile": 93.6132262580492,
            "median": 89.50950891659365,
            "mean": 88.27787250034665,
            "std": 4.584888663332094
        }
    },
    "latinfvent": {
        "lh": {
            "reading": 4103.996,
            "percentile": 100.0,
            "fifth_percentile": 311.06,
            "twentyfifth_percentile": 373.695,
            "seventyfifth_percentile": 710.81,
            "ninetyfifth_percentile": 958.92,
            "median": 473.634,
            "mean": 551.8985409836065,
            "std": 239.5166062699741
        },
        "rh": {
            "reading": 5095.694,
            "percentile": 100.0,
            "fifth_percentile": 266.549,
            "twentyfifth_percentile": 388.678,