{
    "frontal": {
        "rh": {
            "volume": 80045.943,
            "percentile": 71.03448275862068,
            "max": 91843.0906247091,
            "min": 60106.31920977352
        },
        "lh": {
            "volume": 77072.175,
            "percentile": 62.06896551724138,
            "max": 91065.42364738027,
            "min": 59653.82220365409
        }
    },
    "parietal": {
        "rh": {
            "volume": 53262.118,
            "percentile": 72.13793103448276,
            "max": 61691.37086772322,
            "min": 38658.31446744922
        },
        "lh": {
            "volume": 49672.298,
            "percentile": 59.86206896551724,
            "max": 59590.33453515796,
            "min": 37219.75760001445
        }
    },
    "occipital": {
        "rh": {
            "volume": 24971.423,
            "percentile": 74.75862068965517,
            "max": 29202.73688666018,
            "min": 16516.037761615687
        },
        "lh": {
            "volume": 23748.681,
            "percentile": 62.75862068965517,
            "max": 29137.5118399386,
            "min": 16465.177859371783
        }
    },
    "temporal": {
        "rh": {
            "volume": 48907.241,
            "percentile": 60.55172413793103,
            "max": 58237.77402718621,
            "min": 37602.976618331
        },
        "lh": {
            "volume": 50809.565,
            "percentile": 66.20689655172414,
            "max": 59604.43736507262,
            "min": 38283.43215492732
        }
    },
    "cingulatefrontal": {
        "rh": {
            "volume": 3241.104,
            "percentile": 11.586206896551724,
            "max": 5555.092982331983,
            "min": 2623.6320355990483
        },
        "lh": {
            "volume": 5685.683,
            "percentile": 49.241379310344826,
            "max": 7689.572846707664,
            "min": 3928.1041132923256
        }
    },
    "cingulateparietal": {
        "rh": {
            "volume": 4768.619,
            "percentile": 37.793103448275865,
            "max": 6418.560228062193,
            "min": 3654.670798144711
        },
        "lh": {
            "volume": 5796.467,
            "percentile": 79.86206896551724,
            "max": 6599.460060563726,
            "min": 3807.932670470749
        }
    },
    "entorhinalcortex": {
        "rh": {
            "volume": 1743.911,
            "percentile": 66.34482758620689,
            "max": 2165.884404857324,
            "min": 1140.841959280605
        },
        "lh": {
            "volume": 1700.315,
            "percentile": 50.89655172413793,
            "max": 2198.182083476393,
            "min": 1226.3357206615367
        }
    },
    "hippocampus": {
        "lh": {
            "volume": 4078.571,
            "percentile": 52.27586206896552,
            "max": 4947.735432814061,
            "min": 3134.2040927031817
        },
        "rh": {
            "volume": 4160.843,
            "percentile": 53.37931034482759,
            "max": 5071.828283599687,
            "min": 3178.5056888141044
        }
    }
}