{
    "hippocampus": {
        "lh": {
            "volume": 4078.571,
            "percentile": 8.333333333333332,
            "max": 5126.098254497808,
            "min": 3833.2259955021937
        },
        "rh": {
            "volume": 4160.843,
            "percentile": 11.11111111111111,
            "max": 5225.183883192977,
            "min": 3885.39731125147
        }
    },
    "hippocampalpercentage": {
        "lh": {
            "volume": 94.83233790369889,
            "percentile": 87.5,
            "max": 97.11695619177414,
            "min": 86.63890010953219
        },
        "rh": {
            "volume": 95.72070217154553,
            "percentile": 98.61111111111111,
            "max": 97.60267996050106,
            "min": 85.89719675708977
        }
    },
    "frontal": {
        "rh": {
            "volume": 80045.943,
            "percentile": 25.0,
            "max": 96197.3380071863,
            "min": 71825.05746503593
        },
        "lh": {
            "volume": 77072.175,
            "percentile": 16.666666666666664,
            "max": 95755.996653242,
            "min": 71493.92329120242
        }
    },
    "parietal": {
        "rh": {
            "volume": 53262.118,
            "percentile": 33.33333333333333,
            "max": 64233.23762620595,
            "min": 45893.45756823848
        },
        "lh": {
            "volume": 49672.298,
            "percentile": 16.666666666666664,
            "max": 61958.458494660896,
            "min": 43986.16619978352
        }
    },
    "occipital": {
        "rh": {
            "volume": 24971.423,
            "percentile": 37.5,
            "max": 29988.52676957409,
            "min": 20742.258619314794
        },
        "lh": {
            "volume": 23748.681,
            "percentile": 27.77777777777778,
            "max": 30025.49253043554,
            "min": 20073.78124734224
        }
    },
    "temporal": {
        "rh": {
            "volume": 48907.241,
            "percentile": 22.22222222222222,
            "max": 60878.13860083812,
            "min": 44443.58298249523
        },
        "lh": {
            "volume": 50809.565,
            "percentile": 22.22222222222222,
            "max": 62043.2556136284,
            "min": 46018.196914149405
        }
    },
    "cingulatefrontal": {
        "rh": {
            "volume": 3241.104,
            "percentile": 4.166666666666666,
            "max": 6084.804372074637,
            "min": 2868.6495168142537
        },
        "lh": {
            "volume": 5685.683,
            "percentile": 18.055555555555557,
            "max": 8105.152661193968,
            "min": 4798.23956102826
        }
    },
    "cingulateparietal": {
        "rh": {
            "volume": 4768.619,
            "percentile": 8.333333333333332,
            "max": 6783.489242345659,
            "min": 4294.641118765452
        },
        "lh": {
            "volume": 5796.467,
            "percentile": 43.05555555555556,
            "max": 7030.063202120134,
            "min": 4685.223436768755
        }
    },
    "entorhinalcortex": {
        "rh": {
            "volume": 1743.911,
            "percentile": 50.0,
            "max": 2268.3722445501885,
            "min": 1217.9808387831445
        },
        "lh": {
            "volume": 1700.315,
            "percentile": 23.61111111111111,
            "max": 2243.182842162996,
            "min": 1425.1343522814484
        }
    }
}